{"anchors":[{"wayspotId":"47ba84464f57","position":{"x":-1.1275220680865905,"y":-0.3173347842628669,"z":1.8447571466224595},"rotation":{"_x":-3.099909223259014e-7,"_y":0.9738945047005034,"_z":-7.225453116705765e-8,"_w":0.22700108747329775}},{"wayspotId":"47ba84464f57","position":{"x":-0.713748593916858,"y":-0.3640448754850931,"z":2.067320617276709},"rotation":{"_x":-0.0029198657368991513,"_y":0.9725231381416772,"_z":0.012213889732307678,"_w":0.23246729030368693}},{"wayspotId":"47ba84464f57","position":{"x":-0.9292695175850203,"y":0.19650787232904676,"z":1.9542294041983577},"rotation":{"_x":0.0012986802692497752,"_y":0.9789329290264068,"_z":-0.006231221811551371,"_w":0.20408284046472255}}]}