{"anchors":[{"wayspotId":"72080b0ee7fd","position":{"x":-5.497909246703077,"y":1.3036991934107809,"z":13.443797532831146},"rotation":{"_x":-0.02870022088990829,"_y":0.42657496704173387,"_z":0.013545398695334266,"_w":0.9038952466855182}},{"wayspotId":"72080b0ee7fd","position":{"x":-9.244517703279103,"y":1.1975067585124293,"z":17.035119553138255},"rotation":{"_x":-0.019222699115152335,"_y":0.5689652369127157,"_z":0.013305275769992745,"_w":0.8220292066899118}}]}