{"anchors":[{"wayspotId":"47ba84464f57","position":{"x":-0.7094286137468822,"y":-0.43285664382960753,"z":2.0690522495940415},"rotation":{"_x":0.0015100732100678173,"_y":0.9699457392109103,"_z":-0.006021655942402369,"_w":0.24324210639678598}},{"wayspotId":"47ba84464f57","position":{"x":-1.1113962356963678,"y":-0.2660050205588389,"z":1.8538535598968944},"rotation":{"_x":-0.0018937648807305506,"_y":0.9644898218403698,"_z":0.0069179350855311334,"_w":0.26402261151969947}},{"wayspotId":"47ba84464f57","position":{"x":-0.796022561129532,"y":0.09079241186874709,"z":2.026831299083357},"rotation":{"_x":0.00148052369403879,"_y":0.9725809928666717,"_z":-0.006193995896055773,"_w":0.2324772134599037}}]}