{"anchors":[{"wayspotId":"80076c9b8dbe","position":{"x":-1.0477348574773986,"y":0.043984838111967406,"z":-0.42342807515358755},"rotation":{"_x":-0.3224104472555001,"_y":0.6452941851976599,"_z":0.34717592803685526,"_w":0.5992627083601928}},{"wayspotId":"80076c9b8dbe","position":{"x":2.7425796884368787,"y":-1.1476410594005615,"z":-2.5619805879899307},"rotation":{"_x":-0.15800084585934968,"_y":0.7066734365931795,"_z":0.6691851276572263,"_w":0.16685218503091095}}]}