{"anchors":[{"wayspotId":"c776d4391287","position":{"x":1.186885405300041,"y":-1.131474186991547,"z":-1.7329579688434125},"rotation":{"_x":-0.021232489106430965,"_y":-0.6721422191745199,"_z":-0.019277348259667846,"_w":0.7398664760920112}},{"wayspotId":"c776d4391287","position":{"x":1.305511883473707,"y":-1.6746913016554643,"z":-1.2414099249510029},"rotation":{"_x":0.05614026846332234,"_y":-0.03759880444270959,"_z":0.002117066452794471,"_w":0.9977124426361145}},{"wayspotId":"c776d4391287","position":{"x":0.7980037724473352,"y":-1.7464115219525398,"z":-1.3913882562779079},"rotation":{"_x":-0.6529619805489644,"_y":0.21181068786452648,"_z":0.19762823452116912,"_w":0.6997999466603693}},{"wayspotId":"80076c9b8dbe","position":{"x":1.186885405300041,"y":-1.131474186991547,"z":-1.7329579688434125},"rotation":{"_x":-0.021232489106430965,"_y":-0.6721422191745199,"_z":-0.019277348259667846,"_w":0.7398664760920112}}]}