{"anchors":[{"wayspotId":"18b9d2a8577c","position":{"x":-2.0708354701387974,"y":0.19522606000656983,"z":0.3059570427473254},"rotation":{"_x":-0.06019616936096453,"_y":0.6296025087192096,"_z":0.049027179590500014,"_w":0.7730287432504067}}]}